scian_codigo,sector_serio,notas
112515,112,"Compilado desde autoría jerárquica — regla VERIFIED en nivel RAMA, código '1125'."
114119,114,"Compilado desde autoría jerárquica — regla VERIFIED en nivel RAMA, código '1141'."
115111,115,"Compilado desde autoría jerárquica — regla VERIFIED en nivel RAMA, código '1151'."
115113,115,"Compilado desde autoría jerárquica — regla VERIFIED en nivel RAMA, código '1151'."
115119,115,"Compilado desde autoría jerárquica — regla VERIFIED en nivel RAMA, código '1151'."
115210,115,"Compilado desde autoría jerárquica — regla VERIFIED en nivel RAMA, código '1152'."
211111,211,"Compilado desde autoría jerárquica — regla VERIFIED en nivel RAMA, código '2111'."
212221,212,"Compilado desde autoría jerárquica — regla VERIFIED en nivel RAMA, código '2122'."
212231,212,"Compilado desde autoría jerárquica — regla VERIFIED en nivel RAMA, código '2122'."
212292,212,"Compilado desde autoría jerárquica — regla VERIFIED en nivel RAMA, código '2122'."
212311,212,"Compilado desde autoría jerárquica — regla VERIFIED en nivel RAMA, código '2123'."
212312,212,"Compilado desde autoría jerárquica — regla VERIFIED en nivel RAMA, código '2123'."
212319,212,"Compilado desde autoría jerárquica — regla VERIFIED en nivel RAMA, código '2123'."
212321,212,"Compilado desde autoría jerárquica — regla VERIFIED en nivel RAMA, código '2123'."
212322,212,"Compilado desde autoría jerárquica — regla VERIFIED en nivel RAMA, código '2123'."
212325,212,"Compilado desde autoría jerárquica — regla VERIFIED en nivel RAMA, código '2123'."
213111,213,"Compilado desde autoría jerárquica — regla VERIFIED en nivel RAMA, código '2131'."
213119,213,"Compilado desde autoría jerárquica — regla VERIFIED en nivel RAMA, código '2131'."
221111,221,"Compilado desde autoría jerárquica — regla VERIFIED en nivel RAMA, código '2211'."
221121,221,"Compilado desde autoría jerárquica — regla VERIFIED en nivel RAMA, código '2211'."
221122,221,"Compilado desde autoría jerárquica — regla VERIFIED en nivel RAMA, código '2211'."
221123,221,"Compilado desde autoría jerárquica — regla VERIFIED en nivel RAMA, código '2211'."
221210,221,"Compilado desde autoría jerárquica — regla VERIFIED en nivel RAMA, código '2212'."
221311,221,"Compilado desde autoría jerárquica — regla VERIFIED en nivel RAMA, código '2213'."
221312,221,"Compilado desde autoría jerárquica — regla VERIFIED en nivel RAMA, código '2213'."
236111,236,"Compilado desde autoría jerárquica — regla VERIFIED en nivel RAMA, código '2361'."
236112,236,"Compilado desde autoría jerárquica — regla VERIFIED en nivel RAMA, código '2361'."
236113,236,"Compilado desde autoría jerárquica — regla VERIFIED en nivel RAMA, código '2361'."
236211,236,"Compilado desde autoría jerárquica — regla VERIFIED en nivel RAMA, código '2362'."
236212,236,"Compilado desde autoría jerárquica — regla VERIFIED en nivel RAMA, código '2362'."
236221,236,"Compilado desde autoría jerárquica — regla VERIFIED en nivel RAMA, código '2362'."
236222,236,"Compilado desde autoría jerárquica — regla VERIFIED en nivel RAMA, código '2362'."
237111,237,"Compilado desde autoría jerárquica — regla VERIFIED en nivel RAMA, código '2371'."
237121,237,"Compilado desde autoría jerárquica — regla VERIFIED en nivel RAMA, código '2371'."
237131,237,"Compilado desde autoría jerárquica — regla VERIFIED en nivel RAMA, código '2371'."
237132,237,"Compilado desde autoría jerárquica — regla VERIFIED en nivel RAMA, código '2371'."
237133,237,"Compilado desde autoría jerárquica — regla VERIFIED en nivel RAMA, código '2371'."
237211,237,"Compilado desde autoría jerárquica — regla VERIFIED en nivel RAMA, código '2372'."
237212,237,"Compilado desde autoría jerárquica — regla VERIFIED en nivel RAMA, código '2372'."
237312,237,"Compilado desde autoría jerárquica — regla VERIFIED en nivel RAMA, código '2373'."
237992,237,"Compilado desde autoría jerárquica — regla VERIFIED en nivel RAMA, código '2379'."
237993,237,"Compilado desde autoría jerárquica — regla VERIFIED en nivel RAMA, código '2379'."
237999,237,"Compilado desde autoría jerárquica — regla VERIFIED en nivel RAMA, código '2379'."
238110,238,"Compilado desde autoría jerárquica — regla VERIFIED en nivel RAMA, código '2381'."
238121,238,"Compilado desde autoría jerárquica — regla VERIFIED en nivel RAMA, código '2381'."
238122,238,"Compilado desde autoría jerárquica — regla VERIFIED en nivel RAMA, código '2381'."
238130,238,"Compilado desde autoría jerárquica — regla VERIFIED en nivel RAMA, código '2381'."
238190,238,"Compilado desde autoría jerárquica — regla VERIFIED en nivel RAMA, código '2381'."
238210,238,"Compilado desde autoría jerárquica — regla VERIFIED en nivel RAMA, código '2382'."
238221,238,"Compilado desde autoría jerárquica — regla VERIFIED en nivel RAMA, código '2382'."
238222,238,"Compilado desde autoría jerárquica — regla VERIFIED en nivel RAMA, código '2382'."
238290,238,"Compilado desde autoría jerárquica — regla VERIFIED en nivel RAMA, código '2382'."
238311,238,"Compilado desde autoría jerárquica — regla VERIFIED en nivel RAMA, código '2383'."
238312,238,"Compilado desde autoría jerárquica — regla VERIFIED en nivel RAMA, código '2383'."
238320,238,"Compilado desde autoría jerárquica — regla VERIFIED en nivel RAMA, código '2383'."
238340,238,"Compilado desde autoría jerárquica — regla VERIFIED en nivel RAMA, código '2383'."
238350,238,"Compilado desde autoría jerárquica — regla VERIFIED en nivel RAMA, código '2383'."
238390,238,"Compilado desde autoría jerárquica — regla VERIFIED en nivel RAMA, código '2383'."
238910,238,"Compilado desde autoría jerárquica — regla VERIFIED en nivel RAMA, código '2389'."
238990,238,"Compilado desde autoría jerárquica — regla VERIFIED en nivel RAMA, código '2389'."
311110,311,"Compilado desde autoría jerárquica — regla VERIFIED en nivel RAMA, código '3111'."
311212,311,"Compilado desde autoría jerárquica — regla VERIFIED en nivel RAMA, código '3112'."
311213,311,"Compilado desde autoría jerárquica — regla VERIFIED en nivel RAMA, código '3112'."
311214,311,"Compilado desde autoría jerárquica — regla VERIFIED en nivel RAMA, código '3112'."
311221,311,"Compilado desde autoría jerárquica — regla VERIFIED en nivel RAMA, código '3112'."
311222,311,"Compilado desde autoría jerárquica — regla VERIFIED en nivel RAMA, código '3112'."
311230,311,"Compilado desde autoría jerárquica — regla VERIFIED en nivel RAMA, código '3112'."
311311,311,"Compilado desde autoría jerárquica — regla VERIFIED en nivel RAMA, código '3113'."
311340,311,"Compilado desde autoría jerárquica — regla VERIFIED en nivel RAMA, código '3113'."
311350,311,"Compilado desde autoría jerárquica — regla VERIFIED en nivel RAMA, código '3113'."
311411,311,"Compilado desde autoría jerárquica — regla VERIFIED en nivel RAMA, código '3114'."
311412,311,"Compilado desde autoría jerárquica — regla VERIFIED en nivel RAMA, código '3114'."
311421,311,"Compilado desde autoría jerárquica — regla VERIFIED en nivel RAMA, código '3114'."
311422,311,"Compilado desde autoría jerárquica — regla VERIFIED en nivel RAMA, código '3114'."
311423,311,"Compilado desde autoría jerárquica — regla VERIFIED en nivel RAMA, código '3114'."
311511,311,"Compilado desde autoría jerárquica — regla VERIFIED en nivel RAMA, código '3115'."
311512,311,"Compilado desde autoría jerárquica — regla VERIFIED en nivel RAMA, código '3115'."
311513,311,"Compilado desde autoría jerárquica — regla VERIFIED en nivel RAMA, código '3115'."
311520,311,"Compilado desde autoría jerárquica — regla VERIFIED en nivel RAMA, código '3115'."
311611,311,"Compilado desde autoría jerárquica — regla VERIFIED en nivel RAMA, código '3116'."
311612,311,"Compilado desde autoría jerárquica — regla VERIFIED en nivel RAMA, código '3116'."
311613,311,"Compilado desde autoría jerárquica — regla VERIFIED en nivel RAMA, código '3116'."
311710,311,"Compilado desde autoría jerárquica — regla VERIFIED en nivel RAMA, código '3117'."
311811,311,"Compilado desde autoría jerárquica — regla VERIFIED en nivel RAMA, código '3118'."
311812,311,"Compilado desde autoría jerárquica — regla VERIFIED en nivel RAMA, código '3118'."
311813,311,"Compilado desde autoría jerárquica — regla VERIFIED en nivel RAMA, código '3118'."
311820,311,"Compilado desde autoría jerárquica — regla VERIFIED en nivel RAMA, código '3118'."
311830,311,"Compilado desde autoría jerárquica — regla VERIFIED en nivel RAMA, código '3118'."
311910,311,"Compilado desde autoría jerárquica — regla VERIFIED en nivel RAMA, código '3119'."
311922,311,"Compilado desde autoría jerárquica — regla VERIFIED en nivel RAMA, código '3119'."
311923,311,"Compilado desde autoría jerárquica — regla VERIFIED en nivel RAMA, código '3119'."
311924,311,"Compilado desde autoría jerárquica — regla VERIFIED en nivel RAMA, código '3119'."
311930,311,"Compilado desde autoría jerárquica — regla VERIFIED en nivel RAMA, código '3119'."
311940,311,"Compilado desde autoría jerárquica — regla VERIFIED en nivel RAMA, código '3119'."
311991,311,"Compilado desde autoría jerárquica — regla VERIFIED en nivel RAMA, código '3119'."
311993,311,"Compilado desde autoría jerárquica — regla VERIFIED en nivel RAMA, código '3119'."
311999,311,"Compilado desde autoría jerárquica — regla VERIFIED en nivel RAMA, código '3119'."
312111,312,"Compilado desde autoría jerárquica — regla VERIFIED en nivel RAMA, código '3121'."
312112,312,"Compilado desde autoría jerárquica — regla VERIFIED en nivel RAMA, código '3121'."
312113,312,"Compilado desde autoría jerárquica — regla VERIFIED en nivel RAMA, código '3121'."
312120,312,"Compilado desde autoría jerárquica — regla VERIFIED en nivel RAMA, código '3121'."
312131,312,"Compilado desde autoría jerárquica — regla VERIFIED en nivel RAMA, código '3121'."
312132,312,"Compilado desde autoría jerárquica — regla VERIFIED en nivel RAMA, código '3121'."
312144,312,"Compilado desde autoría jerárquica — regla VERIFIED en nivel RAMA, código '3121'."
312149,312,"Compilado desde autoría jerárquica — regla VERIFIED en nivel RAMA, código '3121'."
312222,312,"Compilado desde autoría jerárquica — regla VERIFIED en nivel RAMA, código '3122'."
313111,313,"Compilado desde autoría jerárquica — regla VERIFIED en nivel RAMA, código '3131'."
313112,313,"Compilado desde autoría jerárquica — regla VERIFIED en nivel RAMA, código '3131'."
313113,313,"Compilado desde autoría jerárquica — regla VERIFIED en nivel RAMA, código '3131'."
313210,313,"Compilado desde autoría jerárquica — regla VERIFIED en nivel RAMA, código '3132'."
313220,313,"Compilado desde autoría jerárquica — regla VERIFIED en nivel RAMA, código '3132'."
313230,313,"Compilado desde autoría jerárquica — regla VERIFIED en nivel RAMA, código '3132'."
313240,313,"Compilado desde autoría jerárquica — regla VERIFIED en nivel RAMA, código '3132'."
313310,313,"Compilado desde autoría jerárquica — regla VERIFIED en nivel RAMA, código '3133'."
313320,313,"Compilado desde autoría jerárquica — regla VERIFIED en nivel RAMA, código '3133'."
314110,314,"Compilado desde autoría jerárquica — regla VERIFIED en nivel RAMA, código '3141'."
314120,314,"Compilado desde autoría jerárquica — regla VERIFIED en nivel RAMA, código '3141'."
314911,314,"Compilado desde autoría jerárquica — regla VERIFIED en nivel RAMA, código '3149'."
314912,314,"Compilado desde autoría jerárquica — regla VERIFIED en nivel RAMA, código '3149'."
314991,314,"Compilado desde autoría jerárquica — regla VERIFIED en nivel RAMA, código '3149'."
314992,314,"Compilado desde autoría jerárquica — regla VERIFIED en nivel RAMA, código '3149'."
314999,314,"Compilado desde autoría jerárquica — regla VERIFIED en nivel RAMA, código '3149'."
315121,315,"Compilado desde autoría jerárquica — regla VERIFIED en nivel RAMA, código '3151'."
315123,315,"Compilado desde autoría jerárquica — regla VERIFIED en nivel RAMA, código '3151'."
315210,315,"Compilado desde autoría jerárquica — regla VERIFIED en nivel RAMA, código '3152'."
315221,315,"Compilado desde autoría jerárquica — regla VERIFIED en nivel RAMA, código '3152'."
315222,315,"Compilado desde autoría jerárquica — regla VERIFIED en nivel RAMA, código '3152'."
315223,315,"Compilado desde autoría jerárquica — regla VERIFIED en nivel RAMA, código '3152'."
315224,315,"Compilado desde autoría jerárquica — regla VERIFIED en nivel RAMA, código '3152'."
315225,315,"Compilado desde autoría jerárquica — regla VERIFIED en nivel RAMA, código '3152'."
315229,315,"Compilado desde autoría jerárquica — regla VERIFIED en nivel RAMA, código '3152'."
315991,315,"Compilado desde autoría jerárquica — regla VERIFIED en nivel RAMA, código '3159'."
315999,315,"Compilado desde autoría jerárquica — regla VERIFIED en nivel RAMA, código '3159'."
316110,316,"Compilado desde autoría jerárquica — regla VERIFIED en nivel RAMA, código '3161'."
316211,316,"Compilado desde autoría jerárquica — regla VERIFIED en nivel RAMA, código '3162'."
316212,316,"Compilado desde autoría jerárquica — regla VERIFIED en nivel RAMA, código '3162'."
316213,316,"Compilado desde autoría jerárquica — regla VERIFIED en nivel RAMA, código '3162'."
316214,316,"Compilado desde autoría jerárquica — regla VERIFIED en nivel RAMA, código '3162'."
316219,316,"Compilado desde autoría jerárquica — regla VERIFIED en nivel RAMA, código '3162'."
316991,316,"Compilado desde autoría jerárquica — regla VERIFIED en nivel RAMA, código '3169'."
316999,316,"Compilado desde autoría jerárquica — regla VERIFIED en nivel RAMA, código '3169'."
321112,321,"Compilado desde autoría jerárquica — regla VERIFIED en nivel RAMA, código '3211'."
321210,321,"Compilado desde autoría jerárquica — regla VERIFIED en nivel RAMA, código '3212'."
321910,321,"Compilado desde autoría jerárquica — regla VERIFIED en nivel RAMA, código '3219'."
321920,321,"Compilado desde autoría jerárquica — regla VERIFIED en nivel RAMA, código '3219'."
321991,321,"Compilado desde autoría jerárquica — regla VERIFIED en nivel RAMA, código '3219'."
321992,321,"Compilado desde autoría jerárquica — regla VERIFIED en nivel RAMA, código '3219'."
321993,321,"Compilado desde autoría jerárquica — regla VERIFIED en nivel RAMA, código '3219'."
321999,321,"Compilado desde autoría jerárquica — regla VERIFIED en nivel RAMA, código '3219'."
322122,322,"Compilado desde autoría jerárquica — regla VERIFIED en nivel RAMA, código '3221'."
322131,322,"Compilado desde autoría jerárquica — regla VERIFIED en nivel RAMA, código '3221'."
322132,322,"Compilado desde autoría jerárquica — regla VERIFIED en nivel RAMA, código '3221'."
322210,322,"Compilado desde autoría jerárquica — regla VERIFIED en nivel RAMA, código '3222'."
322220,322,"Compilado desde autoría jerárquica — regla VERIFIED en nivel RAMA, código '3222'."
322230,322,"Compilado desde autoría jerárquica — regla VERIFIED en nivel RAMA, código '3222'."
322291,322,"Compilado desde autoría jerárquica — regla VERIFIED en nivel RAMA, código '3222'."
322299,322,"Compilado desde autoría jerárquica — regla VERIFIED en nivel RAMA, código '3222'."
323111,323,"Compilado desde autoría jerárquica — regla VERIFIED en nivel RAMA, código '3231'."
323119,323,"Compilado desde autoría jerárquica — regla VERIFIED en nivel RAMA, código '3231'."
323120,323,"Compilado desde autoría jerárquica — regla VERIFIED en nivel RAMA, código '3231'."
324120,324,"Compilado desde autoría jerárquica — regla VERIFIED en nivel RAMA, código '3241'."
324191,324,"Compilado desde autoría jerárquica — regla VERIFIED en nivel RAMA, código '3241'."
325120,325,"Compilado desde autoría jerárquica — regla VERIFIED en nivel RAMA, código '3251'."
325130,325,"Compilado desde autoría jerárquica — regla VERIFIED en nivel RAMA, código '3251'."
325180,325,"Compilado desde autoría jerárquica — regla VERIFIED en nivel RAMA, código '3251'."
325190,325,"Compilado desde autoría jerárquica — regla VERIFIED en nivel RAMA, código '3251'."
325211,325,"Compilado desde autoría jerárquica — regla VERIFIED en nivel RAMA, código '3252'."
325212,325,"Compilado desde autoría jerárquica — regla VERIFIED en nivel RAMA, código '3252'."
325220,325,"Compilado desde autoría jerárquica — regla VERIFIED en nivel RAMA, código '3252'."
325310,325,"Compilado desde autoría jerárquica — regla VERIFIED en nivel RAMA, código '3253'."
325320,325,"Compilado desde autoría jerárquica — regla VERIFIED en nivel RAMA, código '3253'."
325412,325,"Compilado desde autoría jerárquica — regla VERIFIED en nivel RAMA, código '3254'."
325510,325,"Compilado desde autoría jerárquica — regla VERIFIED en nivel RAMA, código '3255'."
325520,325,"Compilado desde autoría jerárquica — regla VERIFIED en nivel RAMA, código '3255'."
325610,325,"Compilado desde autoría jerárquica — regla VERIFIED en nivel RAMA, código '3256'."
325620,325,"Compilado desde autoría jerárquica — regla VERIFIED en nivel RAMA, código '3256'."
325910,325,"Compilado desde autoría jerárquica — regla VERIFIED en nivel RAMA, código '3259'."
325991,325,"Compilado desde autoría jerárquica — regla VERIFIED en nivel RAMA, código '3259'."
325993,325,"Compilado desde autoría jerárquica — regla VERIFIED en nivel RAMA, código '3259'."
325999,325,"Compilado desde autoría jerárquica — regla VERIFIED en nivel RAMA, código '3259'."
326110,326,"Compilado desde autoría jerárquica — regla VERIFIED en nivel RAMA, código '3261'."
326120,326,"Compilado desde autoría jerárquica — regla VERIFIED en nivel RAMA, código '3261'."
326130,326,"Compilado desde autoría jerárquica — regla VERIFIED en nivel RAMA, código '3261'."
326140,326,"Compilado desde autoría jerárquica — regla VERIFIED en nivel RAMA, código '3261'."
326150,326,"Compilado desde autoría jerárquica — regla VERIFIED en nivel RAMA, código '3261'."
326160,326,"Compilado desde autoría jerárquica — regla VERIFIED en nivel RAMA, código '3261'."
326191,326,"Compilado desde autoría jerárquica — regla VERIFIED en nivel RAMA, código '3261'."
326192,326,"Compilado desde autoría jerárquica — regla VERIFIED en nivel RAMA, código '3261'."
326193,326,"Compilado desde autoría jerárquica — regla VERIFIED en nivel RAMA, código '3261'."
326194,326,"Compilado desde autoría jerárquica — regla VERIFIED en nivel RAMA, código '3261'."
326198,326,"Compilado desde autoría jerárquica — regla VERIFIED en nivel RAMA, código '3261'."
326199,326,"Compilado desde autoría jerárquica — regla VERIFIED en nivel RAMA, código '3261'."
326212,326,"Compilado desde autoría jerárquica — regla VERIFIED en nivel RAMA, código '3262'."
326220,326,"Compilado desde autoría jerárquica — regla VERIFIED en nivel RAMA, código '3262'."
326290,326,"Compilado desde autoría jerárquica — regla VERIFIED en nivel RAMA, código '3262'."
327111,327,"Compilado desde autoría jerárquica — regla VERIFIED en nivel RAMA, código '3271'."
327121,327,"Compilado desde autoría jerárquica — regla VERIFIED en nivel RAMA, código '3271'."
327122,327,"Compilado desde autoría jerárquica — regla VERIFIED en nivel RAMA, código '3271'."
327211,327,"Compilado desde autoría jerárquica — regla VERIFIED en nivel RAMA, código '3272'."
327213,327,"Compilado desde autoría jerárquica — regla VERIFIED en nivel RAMA, código '3272'."
327215,327,"Compilado desde autoría jerárquica — regla VERIFIED en nivel RAMA, código '3272'."
327216,327,"Compilado desde autoría jerárquica — regla VERIFIED en nivel RAMA, código '3272'."
327219,327,"Compilado desde autoría jerárquica — regla VERIFIED en nivel RAMA, código '3272'."
327310,327,"Compilado desde autoría jerárquica — regla VERIFIED en nivel RAMA, código '3273'."
327320,327,"Compilado desde autoría jerárquica — regla VERIFIED en nivel RAMA, código '3273'."
327330,327,"Compilado desde autoría jerárquica — regla VERIFIED en nivel RAMA, código '3273'."
327391,327,"Compilado desde autoría jerárquica — regla VERIFIED en nivel RAMA, código '3273'."
327399,327,"Compilado desde autoría jerárquica — regla VERIFIED en nivel RAMA, código '3273'."
327410,327,"Compilado desde autoría jerárquica — regla VERIFIED en nivel RAMA, código '3274'."
327420,327,"Compilado desde autoría jerárquica — regla VERIFIED en nivel RAMA, código '3274'."
327991,327,"Compilado desde autoría jerárquica — regla VERIFIED en nivel RAMA, código '3279'."
327999,327,"Compilado desde autoría jerárquica — regla VERIFIED en nivel RAMA, código '3279'."
331210,331,"Compilado desde autoría jerárquica — regla VERIFIED en nivel RAMA, código '3312'."
331220,331,"Compilado desde autoría jerárquica — regla VERIFIED en nivel RAMA, código '3312'."
331310,331,"Compilado desde autoría jerárquica — regla VERIFIED en nivel RAMA, código '3313'."
331420,331,"Compilado desde autoría jerárquica — regla VERIFIED en nivel RAMA, código '3314'."
331510,331,"Compilado desde autoría jerárquica — regla VERIFIED en nivel RAMA, código '3315'."
331520,331,"Compilado desde autoría jerárquica — regla VERIFIED en nivel RAMA, código '3315'."
332110,332,"Compilado desde autoría jerárquica — regla VERIFIED en nivel RAMA, código '3321'."
332211,332,"Compilado desde autoría jerárquica — regla VERIFIED en nivel RAMA, código '3322'."
332212,332,"Compilado desde autoría jerárquica — regla VERIFIED en nivel RAMA, código '3322'."
332310,332,"Compilado desde autoría jerárquica — regla VERIFIED en nivel RAMA, código '3323'."
332320,332,"Compilado desde autoría jerárquica — regla VERIFIED en nivel RAMA, código '3323'."
332410,332,"Compilado desde autoría jerárquica — regla VERIFIED en nivel RAMA, código '3324'."
332420,332,"Compilado desde autoría jerárquica — regla VERIFIED en nivel RAMA, código '3324'."
332430,332,"Compilado desde autoría jerárquica — regla VERIFIED en nivel RAMA, código '3324'."
332510,332,"Compilado desde autoría jerárquica — regla VERIFIED en nivel RAMA, código '3325'."
332610,332,"Compilado desde autoría jerárquica — regla VERIFIED en nivel RAMA, código '3326'."
332710,332,"Compilado desde autoría jerárquica — regla VERIFIED en nivel RAMA, código '3327'."
332720,332,"Compilado desde autoría jerárquica — regla VERIFIED en nivel RAMA, código '3327'."
332810,332,"Compilado desde autoría jerárquica — regla VERIFIED en nivel RAMA, código '3328'."
332910,332,"Compilado desde autoría jerárquica — regla VERIFIED en nivel RAMA, código '3329'."
332991,332,"Compilado desde autoría jerárquica — regla VERIFIED en nivel RAMA, código '3329'."
332999,332,"Compilado desde autoría jerárquica — regla VERIFIED en nivel RAMA, código '3329'."
333111,333,"Compilado desde autoría jerárquica — regla VERIFIED en nivel RAMA, código '3331'."
333112,333,"Compilado desde autoría jerárquica — regla VERIFIED en nivel RAMA, código '3331'."
333120,333,"Compilado desde autoría jerárquica — regla VERIFIED en nivel RAMA, código '3331'."
333130,333,"Compilado desde autoría jerárquica — regla VERIFIED en nivel RAMA, código '3331'."
333242,333,"Compilado desde autoría jerárquica — regla VERIFIED en nivel RAMA, código '3332'."
333243,333,"Compilado desde autoría jerárquica — regla VERIFIED en nivel RAMA, código '3332'."
333245,333,"Compilado desde autoría jerárquica — regla VERIFIED en nivel RAMA, código '3332'."
333246,333,"Compilado desde autoría jerárquica — regla VERIFIED en nivel RAMA, código '3332'."
333249,333,"Compilado desde autoría jerárquica — regla VERIFIED en nivel RAMA, código '3332'."
333319,333,"Compilado desde autoría jerárquica — regla VERIFIED en nivel RAMA, código '3333'."
333411,333,"Compilado desde autoría jerárquica — regla VERIFIED en nivel RAMA, código '3334'."
333412,333,"Compilado desde autoría jerárquica — regla VERIFIED en nivel RAMA, código '3334'."
333510,333,"Compilado desde autoría jerárquica — regla VERIFIED en nivel RAMA, código '3335'."
333610,333,"Compilado desde autoría jerárquica — regla VERIFIED en nivel RAMA, código '3336'."
333910,333,"Compilado desde autoría jerárquica — regla VERIFIED en nivel RAMA, código '3339'."
333920,333,"Compilado desde autoría jerárquica — regla VERIFIED en nivel RAMA, código '3339'."
333991,333,"Compilado desde autoría jerárquica — regla VERIFIED en nivel RAMA, código '3339'."
333992,333,"Compilado desde autoría jerárquica — regla VERIFIED en nivel RAMA, código '3339'."
333993,333,"Compilado desde autoría jerárquica — regla VERIFIED en nivel RAMA, código '3339'."
333999,333,"Compilado desde autoría jerárquica — regla VERIFIED en nivel RAMA, código '3339'."
334110,334,"Compilado desde autoría jerárquica — regla VERIFIED en nivel RAMA, código '3341'."
334210,334,"Compilado desde autoría jerárquica — regla VERIFIED en nivel RAMA, código '3342'."
334220,334,"Compilado desde autoría jerárquica — regla VERIFIED en nivel RAMA, código '3342'."
334310,334,"Compilado desde autoría jerárquica — regla VERIFIED en nivel RAMA, código '3343'."
334410,334,"Compilado desde autoría jerárquica — regla VERIFIED en nivel RAMA, código '3344'."
334519,334,"Compilado desde autoría jerárquica — regla VERIFIED en nivel RAMA, código '3345'."
335131,335,"Compilado desde autoría jerárquica — regla VERIFIED en nivel RAMA, código '3351'."
335132,335,"Compilado desde autoría jerárquica — regla VERIFIED en nivel RAMA, código '3351'."
335210,335,"Compilado desde autoría jerárquica — regla VERIFIED en nivel RAMA, código '3352'."
335220,335,"Compilado desde autoría jerárquica — regla VERIFIED en nivel RAMA, código '3352'."
335311,335,"Compilado desde autoría jerárquica — regla VERIFIED en nivel RAMA, código '3353'."
335312,335,"Compilado desde autoría jerárquica — regla VERIFIED en nivel RAMA, código '3353'."
335920,335,"Compilado desde autoría jerárquica — regla VERIFIED en nivel RAMA, código '3359'."
335930,335,"Compilado desde autoría jerárquica — regla VERIFIED en nivel RAMA, código '3359'."
335999,335,"Compilado desde autoría jerárquica — regla VERIFIED en nivel RAMA, código '3359'."
336110,336,"Compilado desde autoría jerárquica — regla VERIFIED en nivel RAMA, código '3361'."
336120,336,"Compilado desde autoría jerárquica — regla VERIFIED en nivel RAMA, código '3361'."
336210,336,"Compilado desde autoría jerárquica — regla VERIFIED en nivel RAMA, código '3362'."
336310,336,"Compilado desde autoría jerárquica — regla VERIFIED en nivel RAMA, código '3363'."
336320,336,"Compilado desde autoría jerárquica — regla VERIFIED en nivel RAMA, código '3363'."
336330,336,"Compilado desde autoría jerárquica — regla VERIFIED en nivel RAMA, código '3363'."
336340,336,"Compilado desde autoría jerárquica — regla VERIFIED en nivel RAMA, código '3363'."
336350,336,"Compilado desde autoría jerárquica — regla VERIFIED en nivel RAMA, código '3363'."
336360,336,"Compilado desde autoría jerárquica — regla VERIFIED en nivel RAMA, código '3363'."
336370,336,"Compilado desde autoría jerárquica — regla VERIFIED en nivel RAMA, código '3363'."
336390,336,"Compilado desde autoría jerárquica — regla VERIFIED en nivel RAMA, código '3363'."
336410,336,"Compilado desde autoría jerárquica — regla VERIFIED en nivel RAMA, código '3364'."
336510,336,"Compilado desde autoría jerárquica — regla VERIFIED en nivel RAMA, código '3365'."
336610,336,"Compilado desde autoría jerárquica — regla VERIFIED en nivel RAMA, código '3366'."
336992,336,"Compilado desde autoría jerárquica — regla VERIFIED en nivel RAMA, código '3369'."
336999,336,"Compilado desde autoría jerárquica — regla VERIFIED en nivel RAMA, código '3369'."
337110,337,"Compilado desde autoría jerárquica — regla VERIFIED en nivel RAMA, código '3371'."
337120,337,"Compilado desde autoría jerárquica — regla VERIFIED en nivel RAMA, código '3371'."
337210,337,"Compilado desde autoría jerárquica — regla VERIFIED en nivel RAMA, código '3372'."
337910,337,"Compilado desde autoría jerárquica — regla VERIFIED en nivel RAMA, código '3379'."
337920,337,"Compilado desde autoría jerárquica — regla VERIFIED en nivel RAMA, código '3379'."
339111,339,"Compilado desde autoría jerárquica — regla VERIFIED en nivel RAMA, código '3391'."
339112,339,"Compilado desde autoría jerárquica — regla VERIFIED en nivel RAMA, código '3391'."
339113,339,"Compilado desde autoría jerárquica — regla VERIFIED en nivel RAMA, código '3391'."
339912,339,"Compilado desde autoría jerárquica — regla VERIFIED en nivel RAMA, código '3399'."
339913,339,"Compilado desde autoría jerárquica — regla VERIFIED en nivel RAMA, código '3399'."
339914,339,"Compilado desde autoría jerárquica — regla VERIFIED en nivel RAMA, código '3399'."
339920,339,"Compilado desde autoría jerárquica — regla VERIFIED en nivel RAMA, código '3399'."
339930,339,"Compilado desde autoría jerárquica — regla VERIFIED en nivel RAMA, código '3399'."
339940,339,"Compilado desde autoría jerárquica — regla VERIFIED en nivel RAMA, código '3399'."
339950,339,"Compilado desde autoría jerárquica — regla VERIFIED en nivel RAMA, código '3399'."
339991,339,"Compilado desde autoría jerárquica — regla VERIFIED en nivel RAMA, código '3399'."
339993,339,"Compilado desde autoría jerárquica — regla VERIFIED en nivel RAMA, código '3399'."
339994,339,"Compilado desde autoría jerárquica — regla VERIFIED en nivel RAMA, código '3399'."
339995,339,"Compilado desde autoría jerárquica — regla VERIFIED en nivel RAMA, código '3399'."
339999,339,"Compilado desde autoría jerárquica — regla VERIFIED en nivel RAMA, código '3399'."
431110,431,"Compilado desde autoría jerárquica — regla VERIFIED en nivel RAMA, código '4311'."
431121,431,"Compilado desde autoría jerárquica — regla VERIFIED en nivel RAMA, código '4311'."
431122,431,"Compilado desde autoría jerárquica — regla VERIFIED en nivel RAMA, código '4311'."
431123,431,"Compilado desde autoría jerárquica — regla VERIFIED en nivel RAMA, código '4311'."
431130,431,"Compilado desde autoría jerárquica — regla VERIFIED en nivel RAMA, código '4311'."
431140,431,"Compilado desde autoría jerárquica — regla VERIFIED en nivel RAMA, código '4311'."
431150,431,"Compilado desde autoría jerárquica — regla VERIFIED en nivel RAMA, código '4311'."
431160,431,"Compilado desde autoría jerárquica — regla VERIFIED en nivel RAMA, código '4311'."
431170,431,"Compilado desde autoría jerárquica — regla VERIFIED en nivel RAMA, código '4311'."
431180,431,"Compilado desde autoría jerárquica — regla VERIFIED en nivel RAMA, código '4311'."
431191,431,"Compilado desde autoría jerárquica — regla VERIFIED en nivel RAMA, código '4311'."
431192,431,"Compilado desde autoría jerárquica — regla VERIFIED en nivel RAMA, código '4311'."
431193,431,"Compilado desde autoría jerárquica — regla VERIFIED en nivel RAMA, código '4311'."
431194,431,"Compilado desde autoría jerárquica — regla VERIFIED en nivel RAMA, código '4311'."
431199,431,"Compilado desde autoría jerárquica — regla VERIFIED en nivel RAMA, código '4311'."
431211,431,"Compilado desde autoría jerárquica — regla VERIFIED en nivel RAMA, código '4312'."
431212,431,"Compilado desde autoría jerárquica — regla VERIFIED en nivel RAMA, código '4312'."
431213,431,"Compilado desde autoría jerárquica — regla VERIFIED en nivel RAMA, código '4312'."
431220,431,"Compilado desde autoría jerárquica — regla VERIFIED en nivel RAMA, código '4312'."
432111,431,"Compilado desde autoría jerárquica — regla VERIFIED en nivel RAMA, código '4321'."
432112,431,"Compilado desde autoría jerárquica — regla VERIFIED en nivel RAMA, código '4321'."
432113,431,"Compilado desde autoría jerárquica — regla VERIFIED en nivel RAMA, código '4321'."
432119,431,"Compilado desde autoría jerárquica — regla VERIFIED en nivel RAMA, código '4321'."
432120,431,"Compilado desde autoría jerárquica — regla VERIFIED en nivel RAMA, código '4321'."
432130,431,"Compilado desde autoría jerárquica — regla VERIFIED en nivel RAMA, código '4321'."
433110,431,"Compilado desde autoría jerárquica — regla VERIFIED en nivel RAMA, código '4331'."
433210,431,"Compilado desde autoría jerárquica — regla VERIFIED en nivel RAMA, código '4332'."
433220,431,"Compilado desde autoría jerárquica — regla VERIFIED en nivel RAMA, código '4332'."
433312,431,"Compilado desde autoría jerárquica — regla VERIFIED en nivel RAMA, código '4333'."
433313,431,"Compilado desde autoría jerárquica — regla VERIFIED en nivel RAMA, código '4333'."
433410,431,"Compilado desde autoría jerárquica — regla VERIFIED en nivel RAMA, código '4334'."
433420,431,"Compilado desde autoría jerárquica — regla VERIFIED en nivel RAMA, código '4334'."
433430,431,"Compilado desde autoría jerárquica — regla VERIFIED en nivel RAMA, código '4334'."
433510,431,"Compilado desde autoría jerárquica — regla VERIFIED en nivel RAMA, código '4335'."
434111,431,"Compilado desde autoría jerárquica — regla VERIFIED en nivel RAMA, código '4341'."
434112,431,"Compilado desde autoría jerárquica — regla VERIFIED en nivel RAMA, código '4341'."
434211,431,"Compilado desde autoría jerárquica — regla VERIFIED en nivel RAMA, código '4342'."
434219,431,"Compilado desde autoría jerárquica — regla VERIFIED en nivel RAMA, código '4342'."
434221,431,"Compilado desde autoría jerárquica — regla VERIFIED en nivel RAMA, código '4342'."
434222,431,"Compilado desde autoría jerárquica — regla VERIFIED en nivel RAMA, código '4342'."
434223,431,"Compilado desde autoría jerárquica — regla VERIFIED en nivel RAMA, código '4342'."
434224,431,"Compilado desde autoría jerárquica — regla VERIFIED en nivel RAMA, código '4342'."
434225,431,"Compilado desde autoría jerárquica — regla VERIFIED en nivel RAMA, código '4342'."
434226,431,"Compilado desde autoría jerárquica — regla VERIFIED en nivel RAMA, código '4342'."
434227,431,"Compilado desde autoría jerárquica — regla VERIFIED en nivel RAMA, código '4342'."
434228,431,"Compilado desde autoría jerárquica — regla VERIFIED en nivel RAMA, código '4342'."
434229,431,"Compilado desde autoría jerárquica — regla VERIFIED en nivel RAMA, código '4342'."
434230,431,"Compilado desde autoría jerárquica — regla VERIFIED en nivel RAMA, código '4342'."
434240,431,"Compilado desde autoría jerárquica — regla VERIFIED en nivel RAMA, código '4342'."
434311,431,"Compilado desde autoría jerárquica — regla VERIFIED en nivel RAMA, código '4343'."
434312,431,"Compilado desde autoría jerárquica — regla VERIFIED en nivel RAMA, código '4343'."
434313,431,"Compilado desde autoría jerárquica — regla VERIFIED en nivel RAMA, código '4343'."
434314,431,"Compilado desde autoría jerárquica — regla VERIFIED en nivel RAMA, código '4343'."
434319,431,"Compilado desde autoría jerárquica — regla VERIFIED en nivel RAMA, código '4343'."
435110,431,"Compilado desde autoría jerárquica — regla VERIFIED en nivel RAMA, código '4351'."
435210,431,"Compilado desde autoría jerárquica — regla VERIFIED en nivel RAMA, código '4352'."
435220,431,"Compilado desde autoría jerárquica — regla VERIFIED en nivel RAMA, código '4352'."
435311,431,"Compilado desde autoría jerárquica — regla VERIFIED en nivel RAMA, código '4353'."
435312,431,"Compilado desde autoría jerárquica — regla VERIFIED en nivel RAMA, código '4353'."
435313,431,"Compilado desde autoría jerárquica — regla VERIFIED en nivel RAMA, código '4353'."
435319,431,"Compilado desde autoría jerárquica — regla VERIFIED en nivel RAMA, código '4353'."
435411,431,"Compilado desde autoría jerárquica — regla VERIFIED en nivel RAMA, código '4354'."
435412,431,"Compilado desde autoría jerárquica — regla VERIFIED en nivel RAMA, código '4354'."
435419,431,"Compilado desde autoría jerárquica — regla VERIFIED en nivel RAMA, código '4354'."
436111,431,"Compilado desde autoría jerárquica — regla VERIFIED en nivel RAMA, código '4361'."
436112,431,"Compilado desde autoría jerárquica — regla VERIFIED en nivel RAMA, código '4361'."
437311,431,"Compilado desde autoría jerárquica — regla VERIFIED en nivel RAMA, código '4373'."
437312,431,"Compilado desde autoría jerárquica — regla VERIFIED en nivel RAMA, código '4373'."
437313,431,"Compilado desde autoría jerárquica — regla VERIFIED en nivel RAMA, código '4373'."
461110,461,"Compilado desde autoría jerárquica — regla VERIFIED en nivel RAMA, código '4611'."
461121,461,"Compilado desde autoría jerárquica — regla VERIFIED en nivel RAMA, código '4611'."
461122,461,"Compilado desde autoría jerárquica — regla VERIFIED en nivel RAMA, código '4611'."
461123,461,"Compilado desde autoría jerárquica — regla VERIFIED en nivel RAMA, código '4611'."
461130,461,"Compilado desde autoría jerárquica — regla VERIFIED en nivel RAMA, código '4611'."
461140,461,"Compilado desde autoría jerárquica — regla VERIFIED en nivel RAMA, código '4611'."
461150,461,"Compilado desde autoría jerárquica — regla VERIFIED en nivel RAMA, código '4611'."
461160,461,"Compilado desde autoría jerárquica — regla VERIFIED en nivel RAMA, código '4611'."
461170,461,"Compilado desde autoría jerárquica — regla VERIFIED en nivel RAMA, código '4611'."
461190,461,"Compilado desde autoría jerárquica — regla VERIFIED en nivel RAMA, código '4611'."
461211,461,"Compilado desde autoría jerárquica — regla VERIFIED en nivel RAMA, código '4612'."
461212,461,"Compilado desde autoría jerárquica — regla VERIFIED en nivel RAMA, código '4612'."
461213,461,"Compilado desde autoría jerárquica — regla VERIFIED en nivel RAMA, código '4612'."
461220,461,"Compilado desde autoría jerárquica — regla VERIFIED en nivel RAMA, código '4612'."
462111,461,"Compilado desde autoría jerárquica — regla VERIFIED en nivel RAMA, código '4621'."
462112,461,"Compilado desde autoría jerárquica — regla VERIFIED en nivel RAMA, código '4621'."
462210,461,"Compilado desde autoría jerárquica — regla VERIFIED en nivel RAMA, código '4622'."
463111,461,"Compilado desde autoría jerárquica — regla VERIFIED en nivel RAMA, código '4631'."
463112,461,"Compilado desde autoría jerárquica — regla VERIFIED en nivel RAMA, código '4631'."
463113,461,"Compilado desde autoría jerárquica — regla VERIFIED en nivel RAMA, código '4631'."
463211,461,"Compilado desde autoría jerárquica — regla VERIFIED en nivel RAMA, código '4632'."
463212,461,"Compilado desde autoría jerárquica — regla VERIFIED en nivel RAMA, código '4632'."
463213,461,"Compilado desde autoría jerárquica — regla VERIFIED en nivel RAMA, código '4632'."
463214,461,"Compilado desde autoría jerárquica — regla VERIFIED en nivel RAMA, código '4632'."
463215,461,"Compilado desde autoría jerárquica — regla VERIFIED en nivel RAMA, código '4632'."
463216,461,"Compilado desde autoría jerárquica — regla VERIFIED en nivel RAMA, código '4632'."
463217,461,"Compilado desde autoría jerárquica — regla VERIFIED en nivel RAMA, código '4632'."
463218,461,"Compilado desde autoría jerárquica — regla VERIFIED en nivel RAMA, código '4632'."
463310,461,"Compilado desde autoría jerárquica — regla VERIFIED en nivel RAMA, código '4633'."
464111,461,"Compilado desde autoría jerárquica — regla VERIFIED en nivel RAMA, código '4641'."
464112,461,"Compilado desde autoría jerárquica — regla VERIFIED en nivel RAMA, código '4641'."
464113,461,"Compilado desde autoría jerárquica — regla VERIFIED en nivel RAMA, código '4641'."
464121,461,"Compilado desde autoría jerárquica — regla VERIFIED en nivel RAMA, código '4641'."
464122,461,"Compilado desde autoría jerárquica — regla VERIFIED en nivel RAMA, código '4641'."
465111,461,"Compilado desde autoría jerárquica — regla VERIFIED en nivel RAMA, código '4651'."
465112,461,"Compilado desde autoría jerárquica — regla VERIFIED en nivel RAMA, código '4651'."
465211,461,"Compilado desde autoría jerárquica — regla VERIFIED en nivel RAMA, código '4652'."
465212,461,"Compilado desde autoría jerárquica — regla VERIFIED en nivel RAMA, código '4652'."
465213,461,"Compilado desde autoría jerárquica — regla VERIFIED en nivel RAMA, código '4652'."
465214,461,"Compilado desde autoría jerárquica — regla VERIFIED en nivel RAMA, código '4652'."
465215,461,"Compilado desde autoría jerárquica — regla VERIFIED en nivel RAMA, código '4652'."
465216,461,"Compilado desde autoría jerárquica — regla VERIFIED en nivel RAMA, código '4652'."
465311,461,"Compilado desde autoría jerárquica — regla VERIFIED en nivel RAMA, código '4653'."
465312,461,"Compilado desde autoría jerárquica — regla VERIFIED en nivel RAMA, código '4653'."
465313,461,"Compilado desde autoría jerárquica — regla VERIFIED en nivel RAMA, código '4653'."
465911,461,"Compilado desde autoría jerárquica — regla VERIFIED en nivel RAMA, código '4659'."
465912,461,"Compilado desde autoría jerárquica — regla VERIFIED en nivel RAMA, código '4659'."
465913,461,"Compilado desde autoría jerárquica — regla VERIFIED en nivel RAMA, código '4659'."
465914,461,"Compilado desde autoría jerárquica — regla VERIFIED en nivel RAMA, código '4659'."
465915,461,"Compilado desde autoría jerárquica — regla VERIFIED en nivel RAMA, código '4659'."
465919,461,"Compilado desde autoría jerárquica — regla VERIFIED en nivel RAMA, código '4659'."
466111,461,"Compilado desde autoría jerárquica — regla VERIFIED en nivel RAMA, código '4661'."
466112,461,"Compilado desde autoría jerárquica — regla VERIFIED en nivel RAMA, código '4661'."
466113,461,"Compilado desde autoría jerárquica — regla VERIFIED en nivel RAMA, código '4661'."
466114,461,"Compilado desde autoría jerárquica — regla VERIFIED en nivel RAMA, código '4661'."
466211,461,"Compilado desde autoría jerárquica — regla VERIFIED en nivel RAMA, código '4662'."
466212,461,"Compilado desde autoría jerárquica — regla VERIFIED en nivel RAMA, código '4662'."
466311,461,"Compilado desde autoría jerárquica — regla VERIFIED en nivel RAMA, código '4663'."
466312,461,"Compilado desde autoría jerárquica — regla VERIFIED en nivel RAMA, código '4663'."
466313,461,"Compilado desde autoría jerárquica — regla VERIFIED en nivel RAMA, código '4663'."
466314,461,"Compilado desde autoría jerárquica — regla VERIFIED en nivel RAMA, código '4663'."
466319,461,"Compilado desde autoría jerárquica — regla VERIFIED en nivel RAMA, código '4663'."
466410,461,"Compilado desde autoría jerárquica — regla VERIFIED en nivel RAMA, código '4664'."
467111,461,"Compilado desde autoría jerárquica — regla VERIFIED en nivel RAMA, código '4671'."
467112,461,"Compilado desde autoría jerárquica — regla VERIFIED en nivel RAMA, código '4671'."
467113,461,"Compilado desde autoría jerárquica — regla VERIFIED en nivel RAMA, código '4671'."
467114,461,"Compilado desde autoría jerárquica — regla VERIFIED en nivel RAMA, código '4671'."
467115,461,"Compilado desde autoría jerárquica — regla VERIFIED en nivel RAMA, código '4671'."
467116,461,"Compilado desde autoría jerárquica — regla VERIFIED en nivel RAMA, código '4671'."
467117,461,"Compilado desde autoría jerárquica — regla VERIFIED en nivel RAMA, código '4671'."
468111,461,"Compilado desde autoría jerárquica — regla VERIFIED en nivel RAMA, código '4681'."
468112,461,"Compilado desde autoría jerárquica — regla VERIFIED en nivel RAMA, código '4681'."
468211,461,"Compilado desde autoría jerárquica — regla VERIFIED en nivel RAMA, código '4682'."
468212,461,"Compilado desde autoría jerárquica — regla VERIFIED en nivel RAMA, código '4682'."
468213,461,"Compilado desde autoría jerárquica — regla VERIFIED en nivel RAMA, código '4682'."
468311,461,"Compilado desde autoría jerárquica — regla VERIFIED en nivel RAMA, código '4683'."
468319,461,"Compilado desde autoría jerárquica — regla VERIFIED en nivel RAMA, código '4683'."
468411,461,"Compilado desde autoría jerárquica — regla VERIFIED en nivel RAMA, código '4684'."
468412,461,"Compilado desde autoría jerárquica — regla VERIFIED en nivel RAMA, código '4684'."
468413,461,"Compilado desde autoría jerárquica — regla VERIFIED en nivel RAMA, código '4684'."
468414,461,"Compilado desde autoría jerárquica — regla VERIFIED en nivel RAMA, código '4684'."
468419,461,"Compilado desde autoría jerárquica — regla VERIFIED en nivel RAMA, código '4684'."
468420,461,"Compilado desde autoría jerárquica — regla VERIFIED en nivel RAMA, código '4684'."
469110,461,"Compilado desde autoría jerárquica — regla VERIFIED en nivel RAMA, código '4691'."
481111,481,"Compilado desde autoría jerárquica — regla VERIFIED en nivel RAMA, código '4811'."
481112,481,"Compilado desde autoría jerárquica — regla VERIFIED en nivel RAMA, código '4811'."
481210,481,"Compilado desde autoría jerárquica — regla VERIFIED en nivel RAMA, código '4812'."
482110,482,"Compilado desde autoría jerárquica — regla VERIFIED en nivel RAMA, código '4821'."
483111,483,"Compilado desde autoría jerárquica — regla VERIFIED en nivel RAMA, código '4831'."
484111,484,"Compilado desde autoría jerárquica — regla VERIFIED en nivel RAMA, código '4841'."
484119,484,"Compilado desde autoría jerárquica — regla VERIFIED en nivel RAMA, código '4841'."
484121,484,"Compilado desde autoría jerárquica — regla VERIFIED en nivel RAMA, código '4841'."
484129,484,"Compilado desde autoría jerárquica — regla VERIFIED en nivel RAMA, código '4841'."
484210,484,"Compilado desde autoría jerárquica — regla VERIFIED en nivel RAMA, código '4842'."
484221,484,"Compilado desde autoría jerárquica — regla VERIFIED en nivel RAMA, código '4842'."
484222,484,"Compilado desde autoría jerárquica — regla VERIFIED en nivel RAMA, código '4842'."
484223,484,"Compilado desde autoría jerárquica — regla VERIFIED en nivel RAMA, código '4842'."
484229,484,"Compilado desde autoría jerárquica — regla VERIFIED en nivel RAMA, código '4842'."
484231,484,"Compilado desde autoría jerárquica — regla VERIFIED en nivel RAMA, código '4842'."
484232,484,"Compilado desde autoría jerárquica — regla VERIFIED en nivel RAMA, código '4842'."
484233,484,"Compilado desde autoría jerárquica — regla VERIFIED en nivel RAMA, código '4842'."
484239,484,"Compilado desde autoría jerárquica — regla VERIFIED en nivel RAMA, código '4842'."
485111,485,"Compilado desde autoría jerárquica — regla VERIFIED en nivel RAMA, código '4851'."
485115,485,"Compilado desde autoría jerárquica — regla VERIFIED en nivel RAMA, código '4851'."
485210,485,"Compilado desde autoría jerárquica — regla VERIFIED en nivel RAMA, código '4852'."
485320,485,"Compilado desde autoría jerárquica — regla VERIFIED en nivel RAMA, código '4853'."
485410,485,"Compilado desde autoría jerárquica — regla VERIFIED en nivel RAMA, código '4854'."
485510,485,"Compilado desde autoría jerárquica — regla VERIFIED en nivel RAMA, código '4855'."
485990,485,"Compilado desde autoría jerárquica — regla VERIFIED en nivel RAMA, código '4859'."
486210,486,"Compilado desde autoría jerárquica — regla VERIFIED en nivel RAMA, código '4862'."
486910,486,"Compilado desde autoría jerárquica — regla VERIFIED en nivel RAMA, código '4869'."
487110,487,"Compilado desde autoría jerárquica — regla VERIFIED en nivel RAMA, código '4871'."
488111,488,"Compilado desde autoría jerárquica — regla VERIFIED en nivel RAMA, código '4881'."
488112,488,"Compilado desde autoría jerárquica — regla VERIFIED en nivel RAMA, código '4881'."
488190,488,"Compilado desde autoría jerárquica — regla VERIFIED en nivel RAMA, código '4881'."
488210,488,"Compilado desde autoría jerárquica — regla VERIFIED en nivel RAMA, código '4882'."
488320,488,"Compilado desde autoría jerárquica — regla VERIFIED en nivel RAMA, código '4883'."
488410,488,"Compilado desde autoría jerárquica — regla VERIFIED en nivel RAMA, código '4884'."
488491,488,"Compilado desde autoría jerárquica — regla VERIFIED en nivel RAMA, código '4884'."
488493,488,"Compilado desde autoría jerárquica — regla VERIFIED en nivel RAMA, código '4884'."
488511,488,"Compilado desde autoría jerárquica — regla VERIFIED en nivel RAMA, código '4885'."
488519,488,"Compilado desde autoría jerárquica — regla VERIFIED en nivel RAMA, código '4885'."
488990,488,"Compilado desde autoría jerárquica — regla VERIFIED en nivel RAMA, código '4889'."
491110,491,"Compilado desde autoría jerárquica — regla VERIFIED en nivel RAMA, código '4911'."
492110,492,"Compilado desde autoría jerárquica — regla VERIFIED en nivel RAMA, código '4921'."
492210,492,"Compilado desde autoría jerárquica — regla VERIFIED en nivel RAMA, código '4922'."
493111,493,"Compilado desde autoría jerárquica — regla VERIFIED en nivel RAMA, código '4931'."
493119,493,"Compilado desde autoría jerárquica — regla VERIFIED en nivel RAMA, código '4931'."
493120,493,"Compilado desde autoría jerárquica — regla VERIFIED en nivel RAMA, código '4931'."
493130,493,"Compilado desde autoría jerárquica — regla VERIFIED en nivel RAMA, código '4931'."
493190,493,"Compilado desde autoría jerárquica — regla VERIFIED en nivel RAMA, código '4931'."
512113,512,"Compilado desde autoría jerárquica — regla VERIFIED en nivel RAMA, código '5121'."
512130,512,"Compilado desde autoría jerárquica — regla VERIFIED en nivel RAMA, código '5121'."
512240,512,"Compilado desde autoría jerárquica — regla VERIFIED en nivel RAMA, código '5122'."
512250,512,"Compilado desde autoría jerárquica — regla VERIFIED en nivel RAMA, código '5122'."
517311,517,"Compilado desde autoría jerárquica — regla VERIFIED en nivel RAMA, código '5173'."
517312,517,"Compilado desde autoría jerárquica — regla VERIFIED en nivel RAMA, código '5173'."
517410,517,"Compilado desde autoría jerárquica — regla VERIFIED en nivel RAMA, código '5174'."
517910,517,"Compilado desde autoría jerárquica — regla VERIFIED en nivel RAMA, código '5179'."
518210,518,"Compilado desde autoría jerárquica — regla VERIFIED en nivel RAMA, código '5182'."
519211,519,"Compilado desde autoría jerárquica — regla VERIFIED en nivel RAMA, código '5192'."
519212,519,"Compilado desde autoría jerárquica — regla VERIFIED en nivel RAMA, código '5192'."
519290,519,"Compilado desde autoría jerárquica — regla VERIFIED en nivel RAMA, código '5192'."
522110,522,"Compilado desde autoría jerárquica — regla VERIFIED en nivel RAMA, código '5221'."
522210,522,"Compilado desde autoría jerárquica — regla VERIFIED en nivel RAMA, código '5222'."
522220,522,"Compilado desde autoría jerárquica — regla VERIFIED en nivel RAMA, código '5222'."
522320,522,"Compilado desde autoría jerárquica — regla VERIFIED en nivel RAMA, código '5223'."
522390,522,"Compilado desde autoría jerárquica — regla VERIFIED en nivel RAMA, código '5223'."
522440,522,"Compilado desde autoría jerárquica — regla VERIFIED en nivel RAMA, código '5224'."
522451,522,"Compilado desde autoría jerárquica — regla VERIFIED en nivel RAMA, código '5224'."
522452,522,"Compilado desde autoría jerárquica — regla VERIFIED en nivel RAMA, código '5224'."
522460,522,"Compilado desde autoría jerárquica — regla VERIFIED en nivel RAMA, código '5224'."
522490,522,"Compilado desde autoría jerárquica — regla VERIFIED en nivel RAMA, código '5224'."
522510,522,"Compilado desde autoría jerárquica — regla VERIFIED en nivel RAMA, código '5225'."
523110,523,"Compilado desde autoría jerárquica — regla VERIFIED en nivel RAMA, código '5231'."
523122,523,"Compilado desde autoría jerárquica — regla VERIFIED en nivel RAMA, código '5231'."
523910,523,"Compilado desde autoría jerárquica — regla VERIFIED en nivel RAMA, código '5239'."
523990,523,"Compilado desde autoría jerárquica — regla VERIFIED en nivel RAMA, código '5239'."
524110,524,"Compilado desde autoría jerárquica — regla VERIFIED en nivel RAMA, código '5241'."
524120,524,"Compilado desde autoría jerárquica — regla VERIFIED en nivel RAMA, código '5241'."
524130,524,"Compilado desde autoría jerárquica — regla VERIFIED en nivel RAMA, código '5241'."
524210,524,"Compilado desde autoría jerárquica — regla VERIFIED en nivel RAMA, código '5242'."
524220,524,"Compilado desde autoría jerárquica — regla VERIFIED en nivel RAMA, código '5242'."
531111,531,"Compilado desde autoría jerárquica — regla VERIFIED en nivel RAMA, código '5311'."
531112,531,"Compilado desde autoría jerárquica — regla VERIFIED en nivel RAMA, código '5311'."
531113,531,"Compilado desde autoría jerárquica — regla VERIFIED en nivel RAMA, código '5311'."
531114,531,"Compilado desde autoría jerárquica — regla VERIFIED en nivel RAMA, código '5311'."
531115,531,"Compilado desde autoría jerárquica — regla VERIFIED en nivel RAMA, código '5311'."
531116,531,"Compilado desde autoría jerárquica — regla VERIFIED en nivel RAMA, código '5311'."
531119,531,"Compilado desde autoría jerárquica — regla VERIFIED en nivel RAMA, código '5311'."
531210,531,"Compilado desde autoría jerárquica — regla VERIFIED en nivel RAMA, código '5312'."
531311,531,"Compilado desde autoría jerárquica — regla VERIFIED en nivel RAMA, código '5313'."
531319,531,"Compilado desde autoría jerárquica — regla VERIFIED en nivel RAMA, código '5313'."
532110,532,"Compilado desde autoría jerárquica — regla VERIFIED en nivel RAMA, código '5321'."
532121,532,"Compilado desde autoría jerárquica — regla VERIFIED en nivel RAMA, código '5321'."
532122,532,"Compilado desde autoría jerárquica — regla VERIFIED en nivel RAMA, código '5321'."
532210,532,"Compilado desde autoría jerárquica — regla VERIFIED en nivel RAMA, código '5322'."
532281,532,"Compilado desde autoría jerárquica — regla VERIFIED en nivel RAMA, código '5322'."
532282,532,"Compilado desde autoría jerárquica — regla VERIFIED en nivel RAMA, código '5322'."
532289,532,"Compilado desde autoría jerárquica — regla VERIFIED en nivel RAMA, código '5322'."
532310,532,"Compilado desde autoría jerárquica — regla VERIFIED en nivel RAMA, código '5323'."
532411,532,"Compilado desde autoría jerárquica — regla VERIFIED en nivel RAMA, código '5324'."
532420,532,"Compilado desde autoría jerárquica — regla VERIFIED en nivel RAMA, código '5324'."
532491,532,"Compilado desde autoría jerárquica — regla VERIFIED en nivel RAMA, código '5324'."
532492,532,"Compilado desde autoría jerárquica — regla VERIFIED en nivel RAMA, código '5324'."
532493,532,"Compilado desde autoría jerárquica — regla VERIFIED en nivel RAMA, código '5324'."
533110,533,"Compilado desde autoría jerárquica — regla VERIFIED en nivel RAMA, código '5331'."
541110,541,"Compilado desde autoría jerárquica — regla VERIFIED en nivel RAMA, código '5411'."
541120,541,"Compilado desde autoría jerárquica — regla VERIFIED en nivel RAMA, código '5411'."
541190,541,"Compilado desde autoría jerárquica — regla VERIFIED en nivel RAMA, código '5411'."
541211,541,"Compilado desde autoría jerárquica — regla VERIFIED en nivel RAMA, código '5412'."
541219,541,"Compilado desde autoría jerárquica — regla VERIFIED en nivel RAMA, código '5412'."
541310,541,"Compilado desde autoría jerárquica — regla VERIFIED en nivel RAMA, código '5413'."
541320,541,"Compilado desde autoría jerárquica — regla VERIFIED en nivel RAMA, código '5413'."
541330,541,"Compilado desde autoría jerárquica — regla VERIFIED en nivel RAMA, código '5413'."
541340,541,"Compilado desde autoría jerárquica — regla VERIFIED en nivel RAMA, código '5413'."
541350,541,"Compilado desde autoría jerárquica — regla VERIFIED en nivel RAMA, código '5413'."
541360,541,"Compilado desde autoría jerárquica — regla VERIFIED en nivel RAMA, código '5413'."
541370,541,"Compilado desde autoría jerárquica — regla VERIFIED en nivel RAMA, código '5413'."
541380,541,"Compilado desde autoría jerárquica — regla VERIFIED en nivel RAMA, código '5413'."
541410,541,"Compilado desde autoría jerárquica — regla VERIFIED en nivel RAMA, código '5414'."
541420,541,"Compilado desde autoría jerárquica — regla VERIFIED en nivel RAMA, código '5414'."
541430,541,"Compilado desde autoría jerárquica — regla VERIFIED en nivel RAMA, código '5414'."
541490,541,"Compilado desde autoría jerárquica — regla VERIFIED en nivel RAMA, código '5414'."
541510,541,"Compilado desde autoría jerárquica — regla VERIFIED en nivel RAMA, código '5415'."
541610,541,"Compilado desde autoría jerárquica — regla VERIFIED en nivel RAMA, código '5416'."
541620,541,"Compilado desde autoría jerárquica — regla VERIFIED en nivel RAMA, código '5416'."
541690,541,"Compilado desde autoría jerárquica — regla VERIFIED en nivel RAMA, código '5416'."
541711,541,"Compilado desde autoría jerárquica — regla VERIFIED en nivel RAMA, código '5417'."
541712,541,"Compilado desde autoría jerárquica — regla VERIFIED en nivel RAMA, código '5417'."
541721,541,"Compilado desde autoría jerárquica — regla VERIFIED en nivel RAMA, código '5417'."
541722,541,"Compilado desde autoría jerárquica — regla VERIFIED en nivel RAMA, código '5417'."
541810,541,"Compilado desde autoría jerárquica — regla VERIFIED en nivel RAMA, código '5418'."
541820,541,"Compilado desde autoría jerárquica — regla VERIFIED en nivel RAMA, código '5418'."
541830,541,"Compilado desde autoría jerárquica — regla VERIFIED en nivel RAMA, código '5418'."
541840,541,"Compilado desde autoría jerárquica — regla VERIFIED en nivel RAMA, código '5418'."
541850,541,"Compilado desde autoría jerárquica — regla VERIFIED en nivel RAMA, código '5418'."
541860,541,"Compilado desde autoría jerárquica — regla VERIFIED en nivel RAMA, código '5418'."
541870,541,"Compilado desde autoría jerárquica — regla VERIFIED en nivel RAMA, código '5418'."
541890,541,"Compilado desde autoría jerárquica — regla VERIFIED en nivel RAMA, código '5418'."
541910,541,"Compilado desde autoría jerárquica — regla VERIFIED en nivel RAMA, código '5419'."
541920,541,"Compilado desde autoría jerárquica — regla VERIFIED en nivel RAMA, código '5419'."
541930,541,"Compilado desde autoría jerárquica — regla VERIFIED en nivel RAMA, código '5419'."
541941,541,"Compilado desde autoría jerárquica — regla VERIFIED en nivel RAMA, código '5419'."
541942,541,"Compilado desde autoría jerárquica — regla VERIFIED en nivel RAMA, código '5419'."
541943,541,"Compilado desde autoría jerárquica — regla VERIFIED en nivel RAMA, código '5419'."
541944,541,"Compilado desde autoría jerárquica — regla VERIFIED en nivel RAMA, código '5419'."
541990,541,"Compilado desde autoría jerárquica — regla VERIFIED en nivel RAMA, código '5419'."
551111,551,"Compilado desde autoría jerárquica — regla VERIFIED en nivel RAMA, código '5511'."
551112,551,"Compilado desde autoría jerárquica — regla VERIFIED en nivel RAMA, código '5511'."
561110,561,"Compilado desde autoría jerárquica — regla VERIFIED en nivel RAMA, código '5611'."
561210,561,"Compilado desde autoría jerárquica — regla VERIFIED en nivel RAMA, código '5612'."
561310,561,"Compilado desde autoría jerárquica — regla VERIFIED en nivel RAMA, código '5613'."
561320,561,"Compilado desde autoría jerárquica — regla VERIFIED en nivel RAMA, código '5613'."
561330,561,"Compilado desde autoría jerárquica — regla VERIFIED en nivel RAMA, código '5613'."
561421,561,"Compilado desde autoría jerárquica — regla VERIFIED en nivel RAMA, código '5614'."
561422,561,"Compilado desde autoría jerárquica — regla VERIFIED en nivel RAMA, código '5614'."
561431,561,"Compilado desde autoría jerárquica — regla VERIFIED en nivel RAMA, código '5614'."
561432,561,"Compilado desde autoría jerárquica — regla VERIFIED en nivel RAMA, código '5614'."
561440,561,"Compilado desde autoría jerárquica — regla VERIFIED en nivel RAMA, código '5614'."
561490,561,"Compilado desde autoría jerárquica — regla VERIFIED en nivel RAMA, código '5614'."
561510,561,"Compilado desde autoría jerárquica — regla VERIFIED en nivel RAMA, código '5615'."
561520,561,"Compilado desde autoría jerárquica — regla VERIFIED en nivel RAMA, código '5615'."
561590,561,"Compilado desde autoría jerárquica — regla VERIFIED en nivel RAMA, código '5615'."
561610,561,"Compilado desde autoría jerárquica — regla VERIFIED en nivel RAMA, código '5616'."
561620,561,"Compilado desde autoría jerárquica — regla VERIFIED en nivel RAMA, código '5616'."
561710,561,"Compilado desde autoría jerárquica — regla VERIFIED en nivel RAMA, código '5617'."
561720,561,"Compilado desde autoría jerárquica — regla VERIFIED en nivel RAMA, código '5617'."
561730,561,"Compilado desde autoría jerárquica — regla VERIFIED en nivel RAMA, código '5617'."
561740,561,"Compilado desde autoría jerárquica — regla VERIFIED en nivel RAMA, código '5617'."
561790,561,"Compilado desde autoría jerárquica — regla VERIFIED en nivel RAMA, código '5617'."
561910,561,"Compilado desde autoría jerárquica — regla VERIFIED en nivel RAMA, código '5619'."
561920,561,"Compilado desde autoría jerárquica — regla VERIFIED en nivel RAMA, código '5619'."
561990,561,"Compilado desde autoría jerárquica — regla VERIFIED en nivel RAMA, código '5619'."
562111,562,"Compilado desde autoría jerárquica — regla VERIFIED en nivel RAMA, código '5621'."
562121,562,"Compilado desde autoría jerárquica — regla VERIFIED en nivel RAMA, código '5621'."
562122,562,"Compilado desde autoría jerárquica — regla VERIFIED en nivel RAMA, código '5621'."
562211,562,"Compilado desde autoría jerárquica — regla VERIFIED en nivel RAMA, código '5622'."
562221,562,"Compilado desde autoría jerárquica — regla VERIFIED en nivel RAMA, código '5622'."
562911,562,"Compilado desde autoría jerárquica — regla VERIFIED en nivel RAMA, código '5629'."
562921,562,"Compilado desde autoría jerárquica — regla VERIFIED en nivel RAMA, código '5629'."
562998,562,"Compilado desde autoría jerárquica — regla VERIFIED en nivel RAMA, código '5629'."
611111,611,"Compilado desde autoría jerárquica — regla VERIFIED en nivel RAMA, código '6111'."
611112,611,"Compilado desde autoría jerárquica — regla VERIFIED en nivel RAMA, código '6111'."
611121,611,"Compilado desde autoría jerárquica — regla VERIFIED en nivel RAMA, código '6111'."
611122,611,"Compilado desde autoría jerárquica — regla VERIFIED en nivel RAMA, código '6111'."
611131,611,"Compilado desde autoría jerárquica — regla VERIFIED en nivel RAMA, código '6111'."
611132,611,"Compilado desde autoría jerárquica — regla VERIFIED en nivel RAMA, código '6111'."
611142,611,"Compilado desde autoría jerárquica — regla VERIFIED en nivel RAMA, código '6111'."
611151,611,"Compilado desde autoría jerárquica — regla VERIFIED en nivel RAMA, código '6111'."
611161,611,"Compilado desde autoría jerárquica — regla VERIFIED en nivel RAMA, código '6111'."
611162,611,"Compilado desde autoría jerárquica — regla VERIFIED en nivel RAMA, código '6111'."
611171,611,"Compilado desde autoría jerárquica — regla VERIFIED en nivel RAMA, código '6111'."
611172,611,"Compilado desde autoría jerárquica — regla VERIFIED en nivel RAMA, código '6111'."
611181,611,"Compilado desde autoría jerárquica — regla VERIFIED en nivel RAMA, código '6111'."
611182,611,"Compilado desde autoría jerárquica — regla VERIFIED en nivel RAMA, código '6111'."
611211,611,"Compilado desde autoría jerárquica — regla VERIFIED en nivel RAMA, código '6112'."
611212,611,"Compilado desde autoría jerárquica — regla VERIFIED en nivel RAMA, código '6112'."
611311,611,"Compilado desde autoría jerárquica — regla VERIFIED en nivel RAMA, código '6113'."
611312,611,"Compilado desde autoría jerárquica — regla VERIFIED en nivel RAMA, código '6113'."
611421,611,"Compilado desde autoría jerárquica — regla VERIFIED en nivel RAMA, código '6114'."
611422,611,"Compilado desde autoría jerárquica — regla VERIFIED en nivel RAMA, código '6114'."
611431,611,"Compilado desde autoría jerárquica — regla VERIFIED en nivel RAMA, código '6114'."
611511,611,"Compilado desde autoría jerárquica — regla VERIFIED en nivel RAMA, código '6115'."
611512,611,"Compilado desde autoría jerárquica — regla VERIFIED en nivel RAMA, código '6115'."
611611,611,"Compilado desde autoría jerárquica — regla VERIFIED en nivel RAMA, código '6116'."
611612,611,"Compilado desde autoría jerárquica — regla VERIFIED en nivel RAMA, código '6116'."
611621,611,"Compilado desde autoría jerárquica — regla VERIFIED en nivel RAMA, código '6116'."
611622,611,"Compilado desde autoría jerárquica — regla VERIFIED en nivel RAMA, código '6116'."
611631,611,"Compilado desde autoría jerárquica — regla VERIFIED en nivel RAMA, código '6116'."
611691,611,"Compilado desde autoría jerárquica — regla VERIFIED en nivel RAMA, código '6116'."
611698,611,"Compilado desde autoría jerárquica — regla VERIFIED en nivel RAMA, código '6116'."
611699,611,"Compilado desde autoría jerárquica — regla VERIFIED en nivel RAMA, código '6116'."
611710,611,"Compilado desde autoría jerárquica — regla VERIFIED en nivel RAMA, código '6117'."
621111,621,"Compilado desde autoría jerárquica — regla VERIFIED en nivel RAMA, código '6211'."
621112,621,"Compilado desde autoría jerárquica — regla VERIFIED en nivel RAMA, código '6211'."
621113,621,"Compilado desde autoría jerárquica — regla VERIFIED en nivel RAMA, código '6211'."
621114,621,"Compilado desde autoría jerárquica — regla VERIFIED en nivel RAMA, código '6211'."
621115,621,"Compilado desde autoría jerárquica — regla VERIFIED en nivel RAMA, código '6211'."
621116,621,"Compilado desde autoría jerárquica — regla VERIFIED en nivel RAMA, código '6211'."
621211,621,"Compilado desde autoría jerárquica — regla VERIFIED en nivel RAMA, código '6212'."
621212,621,"Compilado desde autoría jerárquica — regla VERIFIED en nivel RAMA, código '6212'."
621311,621,"Compilado desde autoría jerárquica — regla VERIFIED en nivel RAMA, código '6213'."
621320,621,"Compilado desde autoría jerárquica — regla VERIFIED en nivel RAMA, código '6213'."
621331,621,"Compilado desde autoría jerárquica — regla VERIFIED en nivel RAMA, código '6213'."
621332,621,"Compilado desde autoría jerárquica — regla VERIFIED en nivel RAMA, código '6213'."
621341,621,"Compilado desde autoría jerárquica — regla VERIFIED en nivel RAMA, código '6213'."
621342,621,"Compilado desde autoría jerárquica — regla VERIFIED en nivel RAMA, código '6213'."
621391,621,"Compilado desde autoría jerárquica — regla VERIFIED en nivel RAMA, código '6213'."
621392,621,"Compilado desde autoría jerárquica — regla VERIFIED en nivel RAMA, código '6213'."
621398,621,"Compilado desde autoría jerárquica — regla VERIFIED en nivel RAMA, código '6213'."
621399,621,"Compilado desde autoría jerárquica — regla VERIFIED en nivel RAMA, código '6213'."
621411,621,"Compilado desde autoría jerárquica — regla VERIFIED en nivel RAMA, código '6214'."
621421,621,"Compilado desde autoría jerárquica — regla VERIFIED en nivel RAMA, código '6214'."
621422,621,"Compilado desde autoría jerárquica — regla VERIFIED en nivel RAMA, código '6214'."
621491,621,"Compilado desde autoría jerárquica — regla VERIFIED en nivel RAMA, código '6214'."
621492,621,"Compilado desde autoría jerárquica — regla VERIFIED en nivel RAMA, código '6214'."
621511,621,"Compilado desde autoría jerárquica — regla VERIFIED en nivel RAMA, código '6215'."
621512,621,"Compilado desde autoría jerárquica — regla VERIFIED en nivel RAMA, código '6215'."
621610,621,"Compilado desde autoría jerárquica — regla VERIFIED en nivel RAMA, código '6216'."
621910,621,"Compilado desde autoría jerárquica — regla VERIFIED en nivel RAMA, código '6219'."
621991,621,"Compilado desde autoría jerárquica — regla VERIFIED en nivel RAMA, código '6219'."
622111,622,"Compilado desde autoría jerárquica — regla VERIFIED en nivel RAMA, código '6221'."
622112,622,"Compilado desde autoría jerárquica — regla VERIFIED en nivel RAMA, código '6221'."
622211,622,"Compilado desde autoría jerárquica — regla VERIFIED en nivel RAMA, código '6222'."
622311,622,"Compilado desde autoría jerárquica — regla VERIFIED en nivel RAMA, código '6223'."
622312,622,"Compilado desde autoría jerárquica — regla VERIFIED en nivel RAMA, código '6223'."
623111,623,"Compilado desde autoría jerárquica — regla VERIFIED en nivel RAMA, código '6231'."
623112,623,"Compilado desde autoría jerárquica — regla VERIFIED en nivel RAMA, código '6231'."
623211,623,"Compilado desde autoría jerárquica — regla VERIFIED en nivel RAMA, código '6232'."
623212,623,"Compilado desde autoría jerárquica — regla VERIFIED en nivel RAMA, código '6232'."
623221,623,"Compilado desde autoría jerárquica — regla VERIFIED en nivel RAMA, código '6232'."
623311,623,"Compilado desde autoría jerárquica — regla VERIFIED en nivel RAMA, código '6233'."
623312,623,"Compilado desde autoría jerárquica — regla VERIFIED en nivel RAMA, código '6233'."
623991,623,"Compilado desde autoría jerárquica — regla VERIFIED en nivel RAMA, código '6239'."
623992,623,"Compilado desde autoría jerárquica — regla VERIFIED en nivel RAMA, código '6239'."
624111,624,"Compilado desde autoría jerárquica — regla VERIFIED en nivel RAMA, código '6241'."
624112,624,"Compilado desde autoría jerárquica — regla VERIFIED en nivel RAMA, código '6241'."
624121,624,"Compilado desde autoría jerárquica — regla VERIFIED en nivel RAMA, código '6241'."
624122,624,"Compilado desde autoría jerárquica — regla VERIFIED en nivel RAMA, código '6241'."
624191,624,"Compilado desde autoría jerárquica — regla VERIFIED en nivel RAMA, código '6241'."
624198,624,"Compilado desde autoría jerárquica — regla VERIFIED en nivel RAMA, código '6241'."
624199,624,"Compilado desde autoría jerárquica — regla VERIFIED en nivel RAMA, código '6241'."
624211,624,"Compilado desde autoría jerárquica — regla VERIFIED en nivel RAMA, código '6242'."
624212,624,"Compilado desde autoría jerárquica — regla VERIFIED en nivel RAMA, código '6242'."
624221,624,"Compilado desde autoría jerárquica — regla VERIFIED en nivel RAMA, código '6242'."
624222,624,"Compilado desde autoría jerárquica — regla VERIFIED en nivel RAMA, código '6242'."
624311,624,"Compilado desde autoría jerárquica — regla VERIFIED en nivel RAMA, código '6243'."
624312,624,"Compilado desde autoría jerárquica — regla VERIFIED en nivel RAMA, código '6243'."
624411,624,"Compilado desde autoría jerárquica — regla VERIFIED en nivel RAMA, código '6244'."
624412,624,"Compilado desde autoría jerárquica — regla VERIFIED en nivel RAMA, código '6244'."
711111,711,"Compilado desde autoría jerárquica — regla VERIFIED en nivel RAMA, código '7111'."
711112,711,"Compilado desde autoría jerárquica — regla VERIFIED en nivel RAMA, código '7111'."
711121,711,"Compilado desde autoría jerárquica — regla VERIFIED en nivel RAMA, código '7111'."
711131,711,"Compilado desde autoría jerárquica — regla VERIFIED en nivel RAMA, código '7111'."
711191,711,"Compilado desde autoría jerárquica — regla VERIFIED en nivel RAMA, código '7111'."
711212,711,"Compilado desde autoría jerárquica — regla VERIFIED en nivel RAMA, código '7112'."
711311,711,"Compilado desde autoría jerárquica — regla VERIFIED en nivel RAMA, código '7113'."
711312,711,"Compilado desde autoría jerárquica — regla VERIFIED en nivel RAMA, código '7113'."
711320,711,"Compilado desde autoría jerárquica — regla VERIFIED en nivel RAMA, código '7113'."
711410,711,"Compilado desde autoría jerárquica — regla VERIFIED en nivel RAMA, código '7114'."
711510,711,"Compilado desde autoría jerárquica — regla VERIFIED en nivel RAMA, código '7115'."
712111,712,"Compilado desde autoría jerárquica — regla VERIFIED en nivel RAMA, código '7121'."
712112,712,"Compilado desde autoría jerárquica — regla VERIFIED en nivel RAMA, código '7121'."
712120,712,"Compilado desde autoría jerárquica — regla VERIFIED en nivel RAMA, código '7121'."
712131,712,"Compilado desde autoría jerárquica — regla VERIFIED en nivel RAMA, código '7121'."
712132,712,"Compilado desde autoría jerárquica — regla VERIFIED en nivel RAMA, código '7121'."
712190,712,"Compilado desde autoría jerárquica — regla VERIFIED en nivel RAMA, código '7121'."
713111,713,"Compilado desde autoría jerárquica — regla VERIFIED en nivel RAMA, código '7131'."
713112,713,"Compilado desde autoría jerárquica — regla VERIFIED en nivel RAMA, código '7131'."
713113,713,"Compilado desde autoría jerárquica — regla VERIFIED en nivel RAMA, código '7131'."
713114,713,"Compilado desde autoría jerárquica — regla VERIFIED en nivel RAMA, código '7131'."
713120,713,"Compilado desde autoría jerárquica — regla VERIFIED en nivel RAMA, código '7131'."
713291,713,"Compilado desde autoría jerárquica — regla VERIFIED en nivel RAMA, código '7132'."
713299,713,"Compilado desde autoría jerárquica — regla VERIFIED en nivel RAMA, código '7132'."
713910,713,"Compilado desde autoría jerárquica — regla VERIFIED en nivel RAMA, código '7139'."
713941,713,"Compilado desde autoría jerárquica — regla VERIFIED en nivel RAMA, código '7139'."
713942,713,"Compilado desde autoría jerárquica — regla VERIFIED en nivel RAMA, código '7139'."
713943,713,"Compilado desde autoría jerárquica — regla VERIFIED en nivel RAMA, código '7139'."
713944,713,"Compilado desde autoría jerárquica — regla VERIFIED en nivel RAMA, código '7139'."
713950,713,"Compilado desde autoría jerárquica — regla VERIFIED en nivel RAMA, código '7139'."
713991,713,"Compilado desde autoría jerárquica — regla VERIFIED en nivel RAMA, código '7139'."
713992,713,"Compilado desde autoría jerárquica — regla VERIFIED en nivel RAMA, código '7139'."
713998,713,"Compilado desde autoría jerárquica — regla VERIFIED en nivel RAMA, código '7139'."
713999,713,"Compilado desde autoría jerárquica — regla VERIFIED en nivel RAMA, código '7139'."
721111,721,"Compilado desde autoría jerárquica — regla VERIFIED en nivel RAMA, código '7211'."
721112,721,"Compilado desde autoría jerárquica — regla VERIFIED en nivel RAMA, código '7211'."
721113,721,"Compilado desde autoría jerárquica — regla VERIFIED en nivel RAMA, código '7211'."
721190,721,"Compilado desde autoría jerárquica — regla VERIFIED en nivel RAMA, código '7211'."
721210,721,"Compilado desde autoría jerárquica — regla VERIFIED en nivel RAMA, código '7212'."
721311,721,"Compilado desde autoría jerárquica — regla VERIFIED en nivel RAMA, código '7213'."
721312,721,"Compilado desde autoría jerárquica — regla VERIFIED en nivel RAMA, código '7213'."
722310,722,"Compilado desde autoría jerárquica — regla VERIFIED en nivel RAMA, código '7223'."
722320,722,"Compilado desde autoría jerárquica — regla VERIFIED en nivel RAMA, código '7223'."
722330,722,"Compilado desde autoría jerárquica — regla VERIFIED en nivel RAMA, código '7223'."
722411,722,"Compilado desde autoría jerárquica — regla VERIFIED en nivel RAMA, código '7224'."
722412,722,"Compilado desde autoría jerárquica — regla VERIFIED en nivel RAMA, código '7224'."
722511,722,"Compilado desde autoría jerárquica — regla VERIFIED en nivel RAMA, código '7225'."
722512,722,"Compilado desde autoría jerárquica — regla VERIFIED en nivel RAMA, código '7225'."
722513,722,"Compilado desde autoría jerárquica — regla VERIFIED en nivel RAMA, código '7225'."
722514,722,"Compilado desde autoría jerárquica — regla VERIFIED en nivel RAMA, código '7225'."
722515,722,"Compilado desde autoría jerárquica — regla VERIFIED en nivel RAMA, código '7225'."
722516,722,"Compilado desde autoría jerárquica — regla VERIFIED en nivel RAMA, código '7225'."
722517,722,"Compilado desde autoría jerárquica — regla VERIFIED en nivel RAMA, código '7225'."
722518,722,"Compilado desde autoría jerárquica — regla VERIFIED en nivel RAMA, código '7225'."
722519,722,"Compilado desde autoría jerárquica — regla VERIFIED en nivel RAMA, código '7225'."
811111,811,"Compilado desde autoría jerárquica — regla VERIFIED en nivel RAMA, código '8111'."
811112,811,"Compilado desde autoría jerárquica — regla VERIFIED en nivel RAMA, código '8111'."
811113,811,"Compilado desde autoría jerárquica — regla VERIFIED en nivel RAMA, código '8111'."
811114,811,"Compilado desde autoría jerárquica — regla VERIFIED en nivel RAMA, código '8111'."
811115,811,"Compilado desde autoría jerárquica — regla VERIFIED en nivel RAMA, código '8111'."
811116,811,"Compilado desde autoría jerárquica — regla VERIFIED en nivel RAMA, código '8111'."
811119,811,"Compilado desde autoría jerárquica — regla VERIFIED en nivel RAMA, código '8111'."
811121,811,"Compilado desde autoría jerárquica — regla VERIFIED en nivel RAMA, código '8111'."
811122,811,"Compilado desde autoría jerárquica — regla VERIFIED en nivel RAMA, código '8111'."
811129,811,"Compilado desde autoría jerárquica — regla VERIFIED en nivel RAMA, código '8111'."
811191,811,"Compilado desde autoría jerárquica — regla VERIFIED en nivel RAMA, código '8111'."
811192,811,"Compilado desde autoría jerárquica — regla VERIFIED en nivel RAMA, código '8111'."
811199,811,"Compilado desde autoría jerárquica — regla VERIFIED en nivel RAMA, código '8111'."
811211,811,"Compilado desde autoría jerárquica — regla VERIFIED en nivel RAMA, código '8112'."
811219,811,"Compilado desde autoría jerárquica — regla VERIFIED en nivel RAMA, código '8112'."
811311,811,"Compilado desde autoría jerárquica — regla VERIFIED en nivel RAMA, código '8113'."
811312,811,"Compilado desde autoría jerárquica — regla VERIFIED en nivel RAMA, código '8113'."
811313,811,"Compilado desde autoría jerárquica — regla VERIFIED en nivel RAMA, código '8113'."
811314,811,"Compilado desde autoría jerárquica — regla VERIFIED en nivel RAMA, código '8113'."
811410,811,"Compilado desde autoría jerárquica — regla VERIFIED en nivel RAMA, código '8114'."
811420,811,"Compilado desde autoría jerárquica — regla VERIFIED en nivel RAMA, código '8114'."
811430,811,"Compilado desde autoría jerárquica — regla VERIFIED en nivel RAMA, código '8114'."
811491,811,"Compilado desde autoría jerárquica — regla VERIFIED en nivel RAMA, código '8114'."
811492,811,"Compilado desde autoría jerárquica — regla VERIFIED en nivel RAMA, código '8114'."
811493,811,"Compilado desde autoría jerárquica — regla VERIFIED en nivel RAMA, código '8114'."
811499,811,"Compilado desde autoría jerárquica — regla VERIFIED en nivel RAMA, código '8114'."
812110,812,"Compilado desde autoría jerárquica — regla VERIFIED en nivel RAMA, código '8121'."
812120,812,"Compilado desde autoría jerárquica — regla VERIFIED en nivel RAMA, código '8121'."
812130,812,"Compilado desde autoría jerárquica — regla VERIFIED en nivel RAMA, código '8121'."
812210,812,"Compilado desde autoría jerárquica — regla VERIFIED en nivel RAMA, código '8122'."
812310,812,"Compilado desde autoría jerárquica — regla VERIFIED en nivel RAMA, código '8123'."
812322,812,"Compilado desde autoría jerárquica — regla VERIFIED en nivel RAMA, código '8123'."
812410,812,"Compilado desde autoría jerárquica — regla VERIFIED en nivel RAMA, código '8124'."
812910,812,"Compilado desde autoría jerárquica — regla VERIFIED en nivel RAMA, código '8129'."
812990,812,"Compilado desde autoría jerárquica — regla VERIFIED en nivel RAMA, código '8129'."
813110,813,"Compilado desde autoría jerárquica — regla VERIFIED en nivel RAMA, código '8131'."
813120,813,"Compilado desde autoría jerárquica — regla VERIFIED en nivel RAMA, código '8131'."
813130,813,"Compilado desde autoría jerárquica — regla VERIFIED en nivel RAMA, código '8131'."
813210,813,"Compilado desde autoría jerárquica — regla VERIFIED en nivel RAMA, código '8132'."
813230,813,"Compilado desde autoría jerárquica — regla VERIFIED en nivel RAMA, código '8132'."
931110,931,"Compilado desde autoría jerárquica — regla VERIFIED en nivel RAMA, código '9311'."
931210,931,"Compilado desde autoría jerárquica — regla VERIFIED en nivel RAMA, código '9312'."
931310,931,"Compilado desde autoría jerárquica — regla VERIFIED en nivel RAMA, código '9313'."
931411,931,"Compilado desde autoría jerárquica — regla VERIFIED en nivel RAMA, código '9314'."
931412,931,"Compilado desde autoría jerárquica — regla VERIFIED en nivel RAMA, código '9314'."
931510,931,"Compilado desde autoría jerárquica — regla VERIFIED en nivel RAMA, código '9315'."
931610,931,"Compilado desde autoría jerárquica — regla VERIFIED en nivel RAMA, código '9316'."
931710,931,"Compilado desde autoría jerárquica — regla VERIFIED en nivel RAMA, código '9317'."
931810,931,"Compilado desde autoría jerárquica — regla VERIFIED en nivel RAMA, código '9318'."
